CompanyName,Sector,Category,Last Price,NAV,P/E,EPS,Paid up,Dir,Pub,Inst,Foreign,Govt
NBL,Bank,A,9.8,18.92,8.31,1.18,30863.2,30.98,47.14,20.73,1.15,0
NRBCBANK,Bank,N,29.7,18.88,12.53,2.37,199,73.32,23.22,3.46,0,0
ABBANK,Bank,B,15.9,34.26,31.80,0.5,8159.37,31.67,41.43,25.44,0.89,0.57
IFIC,Bank,A,15.1,19.18,21.57,0.7,16397.7,4.11,39.55,22.87,0.72,32.75
RUPALIBANK,Bank,A,33.9,46.1,69.18,0.49,4340.69,0,4.98,4.83,0,90.19
EXIMBANK,Bank,A,13.6,23.66,6.83,1.99,14321.5,37.95,34.57,25.95,1.54,0
DHAKABANK,Bank,A,16.3,23.69,7.34,2.22,8731.12,40.12,45.99,12.89,0,0
JAMUNABANK,Bank,A,23.3,34.06,6.58,3.54,7691.26,47.94,45.03,6.68,0.35,0
PREMIERBAN,Bank,A,15.1,23.02,7.09,2.13,10629.7,35.33,43.33,19.75,1.59,0
STANDBANKL,Bank,A,11.1,18.67,10.28,1.08,10258.9,39.49,37.35,22.69,0.47,0
MERCANBANK,Bank,A,16.5,24.61,7.30,2.26,10531.2,37.69,34.71,23.52,4.08,0
SOUTHEASTB,Bank,A,18.3,26.98,10.11,1.81,12088.4,30.18,32.75,35.86,1.21,0
FIRSTSBANK,Bank,A,12.6,20.91,4.30,2.93,9686.6,33.34,43.97,20.35,2.34,0
MTB,Bank,A,23.4,25.03,17.86,1.31,7585.32,43.97,31.67,24.2,0.16,0
NCCBANK,Bank,A,16.7,24.15,7.08,2.36,9658.26,37.58,40.79,21.08,0.55,0
PRIMEBANK,Bank,A,24.3,27.15,15.09,1.61,11521.8,39.02,27.03,33.46,0.49,0
CITYBANK,Bank,A,28.7,31.03,6.54,4.39,10362.9,32.88,42.05,21.63,3.44,0
BRACBANK,Bank,A,52.5,38.63,15.77,3.33,13457.8,46.24,5.88,9.89,37.99,0
ALARABANK,Bank,A,24.4,24.35,10.12,2.41,10848,41.87,36.3,21.08,0.75,0
DUTCHBANGL,Bank,A,86.1,60.65,8.61,10,6524,86.99,8.48,4.52,0.01,0
UCB,Bank,A,18,31.35,7.44,2.42,12374.2,36.67,41.35,20.01,1.16,0.81
PUBALIBANK,Bank,A,26.4,39.63,7.33,3.6,10481.9,31.49,41.09,27,0.42,0
ONEBANKLTD,Bank,A,15,21.31,9.55,1.57,9052.46,32.06,39.06,28.49,0.39,0
UTTARABANK,Bank,A,25.5,36.79,5.96,4.28,5218.41,30.54,46.02,23.04,0.4,0
SHAHJABANK,Bank,A,22.1,20.33,11.33,1.95,10490,48.77,37.66,13.42,0,0
ICBIBANK,Bank,Z,7.1,-15.54,-25.36,-0.28,6846.02,52.76,24.65,22.44,0,0.17
ISLAMIBANK,Bank,A,30.8,40.89,10.34,2.98,16299,51.32,14.11,14.07,20.5,0
TRUSTBANK,Bank,A,37,29.37,13.21,2.8,6631.96,60,22.41,16.91,0.68,0
SIBL,Bank,A,15.4,21.29,9.22,1.67,9579.08,30.05,18.93,49.66,1.36,0
EBL,Bank,A,36.6,38.28,7.11,5.15,8317,30.18,23.92,45.29,0.61,0
ARAMITCEM,Cement,Z,51.7,27.63,-7.54,-6.86,537.8,47.14,37.39,15.47,0,0
CONFIDCEM,Cement,A,139.5,69.24,16.81,8.3,944.09,30.03,53.36,16.61,0,0
LHBL,Cement,A,65.4,16.89,32.22,2.03,11812.7,64.68,18.47,16.04,0.81,0
MEGHNACEM,Cement,A,75.9,34.73,36.49,2.08,471.87,49.76,15.08,35.16,0,0
PREMIERCEM,Cement,A,75,6.18,29.41,2.55,1253.5,47.74,36.88,15.67,0.01,0
HEIDELBCEM,Cement,A,331,70.1,-231.47,-1.43,764.04,60.67,12.5,26.32,0.51,0
MICEMENT,Cement,A,74.6,48.38,-83.82,-0.89,1684,67.08,15.92,16.93,0.07,0
MONNOCERA,Ceramics Sector,A,126.1,61.5,252.20,0.5,576.24,57.58,37.98,4.38,0.06,0
FUWANGCER,Ceramics Sector,B,24.4,13.6,51.91,0.47,1561.69,7.33,61.28,30.99,0.4,0
RAKCERAMIC,Ceramics Sector,A,38.9,18.41,53.29,0.73,4478.69,72.1,11.93,15.97,0,0
SPCERAMICS,Ceramics Sector,B,35.8,31.09,170.48,0.21,1668.66,50,41.52,8.48,0,0
STANCERAM,Ceramics Sector,B,224.3,11.56,-35.49,-6.32,263.61,30.5,66.3,3.2,0,0
IBBLPBOND,Corporate Bond,A,1038.5,2,#DIV/0!,0,3199,6.709,14.135,78.669,0.487,0
MIRAKHTER,Engineering,N,92.2,2,#DIV/0!,0,199,48.58,46.95,4.47,0,0
GPHISPAT,Engineering,A,39.3,19.01,49.75,0.79,4170.06,49.61,33.46,16.93,0,0
NPOLYMAR,Engineering,A,61,37.87,14.81,4.12,929,38.01,43.86,18.13,0,0
OAL,Engineering,B,16.8,15.98,-32.31,-0.52,1894.27,25.81,54.88,19.31,0,0
NTLTUBES,Engineering,A,106.5,155.5,1775.00,0.06,547.22,0.05,39.46,9.49,0,51
GOLDENSON,Engineering,B,20.9,2.1,-19.90,-1.05,1916.3,38.98,43.5,17.5,0,0
OIMEX,Engineering,A,28.4,15.96,55.69,0.51,869.85,30.14,32.42,37.44,0,0
IFADAUTOS,Engineering,A,56.1,41.73,60.51,0.9271,2728.5,54.87,16.05,28.25,0.83,0
BDTHAI,Engineering,B,28.5,29.6,135.71,0.21,1476.75,30.32,43.31,25.7,0.67,0
RENWICKJA,Engineering,A,882.2,2.08,-27.27,-32.35,219,0,31.47,17.51,0,51
APOLOISPAT,Engineering,B,12.1,22.19,242.00,0.05,4212.09,20.24,56.88,22.32,0.56,0
ANWARGALV,Engineering,A,255.9,12.85,126.06,2.03,351.46,35.2,49.21,15.51,0,0
SALAMCRST,Engineering,A,34.4,21.01,62.55,0.55,1182.71,53.07,20.58,26.35,0,0
DOMINAGE,Engineering,A,29.3,2,20.63,1.42,199,30.2,48.86,20.91,0.03,0
MONNOAGML,Engineering,A,620.5,2,#DIV/0!,0,199,42.98,53.65,3.27,0.1,0
BDLAMPS,Engineering,A,194.3,61.98,-19.67,-9.88,293,61.88,27.54,10.55,0.03,0
SSSTEEL,Engineering,A,23.9,19.48,15.42,1.55,3241.9,35.48,45.71,18.81,0,0
WALTONHIL,Engineering,A,1412.5,266.48,58.34,24.21,199,99.03,0.53,0.44,0,0
NAVANACNG,Engineering,A,41.6,37.63,46.22,0.9,884.28,42.49,28.97,28.54,0,0
RUNNERAUTO,Engineering,A,68.9,65.39,34.97,1.97,1334.4,50.04,21.02,28.94,0,0
RSRMSTEEL,Engineering,A,27.5,51.69,26.19,1.05,1210.89,47.03,33.4,19.88,0,0
BENGALWTL,Engineering,B,31.2,26.39,260.00,0.12,1113.76,53.23,17.23,29.54,0,0
BBS,Engineering,A,22.4,17.7,32.00,0.7,1828.3,26.2,35.39,38.28,0.13,0
COPPERTECH,Engineering,A,37.6,13.24,107.43,0.35,829,30.07,55.79,14.14,0,0
ATLASBANG,Engineering,B,128,133,-94.81,-1.35,530.27,0,32.37,16.63,0,51
YPL,Engineering,B,16.9,13.74,1690.00,0.01,935.99,30.52,59.01,10.47,0,0
WMSHIPYARD,Engineering,A,17.2,26.06,20.00,0.86,2551.04,30.01,53,16.99,0,0
AFTABAUTO,Engineering,A,34.4,62.95,382.22,0.09,1156.32,30,34.76,35.24,0,0
BDAUTOCA,Engineering,A,146.3,8.79,430.29,0.34,242.26,30.06,59.19,10.75,0,0
BBSCABLES,Engineering,A,66.3,34.52,9.95,6.66,2119.27,32.76,48.09,19.03,0.12,0
KDSALTD,Engineering,A,51.4,26.99,23.58,2.18,910.82,72.87,18.86,8.27,0,0
QUASEMIND,Engineering,A,52.5,33.01,75.00,0.7,860.15,30,43.67,26.3,0,0
ECABLES,Engineering,B,149.5,17.11,-23.14,-6.46,463,17.77,13.63,17.6,0,51
DESHBANDHU,Engineering,B,17.7,12.48,177.00,0.1,812.65,33.54,59.22,7.24,0,0
RANFOUNDRY,Engineering,A,142,29.73,45.66,3.11,299,49.89,33.63,16.48,0,0
NAHEEACP,Engineering,A,47.5,19.09,19.23,2.47,882.6,39.58,52.37,8.05,0,0
BSRMSTEEL,Engineering,A,59,58.84,29.95,1.97,3958.53,70.57,11.53,17.53,0.37,0
SHURWID,Engineering,A,23,14.21,16.67,1.38,772.68,12.01,69.04,18.95,0,0
BSRMLTD,Engineering,A,89.1,101.89,22.85,3.9,2559.68,40.98,22.7,19.25,17.07,0
KAY&QUE,Engineering,B,247,78.79,561.36,0.44,248.03,31.88,60.42,7.7,0,0
SINGERBD,Engineering,A,183.4,34.19,23.36,7.85,1196.03,57,13.97,22.96,6.07,0
AZIZPIPES,Engineering,B,112.8,10.02,433.85,0.26,252.47,33.83,62.69,3.88,0,0
ICB,Financial Institutions,A,126.8,58.49,171.35,0.74,7873.43,69.81,1.48,1.71,0,27
BDFINANCE,Financial Institutions,A,52.6,19.86,29.22,1.8,1974.81,30.87,54.77,14.36,0,0
DBH,Financial Institutions,A,77.8,43.72,13.46,5.78,1971.63,51.32,13.5,13.19,21.99,0
GSPFINANCE,Financial Institutions,A,24.4,24.49,16.71,1.46,1626.9,35.51,36.91,27.58,0,0
ISLAMICFIN,Financial Institutions,A,25.9,16.99,16.82,1.54,1602.27,32.57,31.98,35.46,0,0
FASFIN,Financial Institutions,B,9.8,14.05,5.08,1.93,1689.77,13.2,70.21,16.59,0,0
NHFIL,Financial Institutions,A,47.3,19.91,17.20,2.75,1369.31,60.79,19.97,9.9,0,9.34
LANKABAFIN,Financial Institutions,A,39.1,20.73,21.60,1.81,5587.39,33.56,45.86,19.38,1.2,0
MIDASFIN,Financial Institutions,B,22.3,12.98,32.79,0.68,1588.93,54.8,31.39,12.65,1.16,0
FAREASTFIN,Financial Institutions,Z,9.2,2.81,-2.10,-4.38,1839.63,41.88,45.67,12.38,0.07,0
ILFSL,Financial Institutions,B,10.3,14.72,-0.08,-126.36,2417.1,41.54,29.49,28.9,0.07,0
IDLC,Financial Institutions,A,62.9,42.41,9.33,6.74,4058.03,56.66,9.14,23.1,11.1,0
BAYLEASING,Financial Institutions,A,30.7,21.8,28.17,1.09,1607.88,29.64,31.92,38.31,0.13,0
UNITEDFIN,Financial Institutions,A,20,19.11,17.70,1.13,2070.15,51.83,28.74,19.43,0,0
UNIONCAP,Financial Institutions,B,11.1,9.21,2.69,4.12,1924.74,36.12,42.96,20.92,0,0
IPDC,Financial Institutions,A,30.6,18.34,16.11,1.9,3909.92,48.04,10.94,16.79,2.35,21.88
PREMIERLEA,Financial Institutions,B,11.9,20.96,70.00,0.17,1528.7,30,45.64,24.36,0,0
PRIMEFIN,Financial Institutions,B,15.3,10.94,80.53,0.19,2928.16,59.14,28.77,12.08,0.01,0
UTTARAFIN,Financial Institutions,A,40.9,64.45,4.33,9.45,1513.82,44.44,13.04,34.7,7.82,0
FIRSTFIN,Financial Institutions,Z,9.6,10.55,8.28,1.16,1361.2,41.31,34.21,24.48,0,0
PHOENIXFIN,Financial Institutions,A,34.2,24.01,25.15,1.36,1680.02,34.95,43.96,21.09,0,0
BIFC,Financial Institutions,Z,8.9,-77.45,-0.68,-13.05,1205.79,34.73,17.63,47.64,0,0
RAHIMAFOOD,Food & Allied,A,255.7,2,#DIV/0!,0,199,0,0,0,0,0
BEACHHATCH,Food & Allied,Z,21,2.0013,-61.76,-0.34,613,34.97,45.18,19.85,0,0
FINEFOODS,Food & Allied,B,56,12.82,297.87,0.188,338.74,6.38,78.97,14.65,0,0
BANGAS,Food & Allied,A,133,23.67,221.67,0.6,275.25,30.99,62.95,5.95,0.11,0
FUWANGFOOD,Food & Allied,B,22.9,13.7,41.64,0.55,1307.39,9.86,67.19,22.5,0.45,0
BATBC,Food & Allied,A,559,190.89,9.24,60.48,5599,72.91,5.76,10.84,9.85,0.64
GHAIL,Food & Allied,A,20.3,17.02,507.50,0.04,2357,32.88,27.18,39.85,0.09,0
MEGHNAPET,Food & Allied,Z,18.3,-2.22,-61.00,-0.3,319,50,50,0,0,0
TAUFIKA,Food & Allied,N,32,2,#DIV/0!,0,199,0,0,0,0,0
EMERALDOIL,Food & Allied,Z,37.1,19.23,11.14,3.33,796.14,28.42,55.99,15.59,0,0
RDFOOD,Food & Allied,B,43.2,16.5,139.35,0.31,922.15,31.14,57.94,10.92,0,0
GEMINISEA,Food & Allied,A,168.7,2.21,-17.16,-9.83,245.96,33.65,61.64,4.02,0.69,0
OLYMPIC,Food & Allied,A,177.4,43.22,17.51,10.13,2198.39,27.73,15.43,17.06,39.78,0
NTC,Food & Allied,A,527,118.75,-9.46,-55.71,265,50.72,35.05,9.9,0,4.33
UNILEVERCL,Food & Allied,A,2902,125.08,66.04,43.94,199,0,0,0,0,0
SHYAMPSUG,Food & Allied,Z,67.6,-865.97,-0.56,-121.38,249,0,47.31,1.69,0,51
ZEALBANGLA,Food & Allied,Z,155.8,-699.46,-1.66,-93.69,259,0,37.57,11.43,0,51
APEXFOODS,Food & Allied,A,143,122.63,76.06,1.88,256.02,38.96,55.68,5.38,0,0
MEGCONMILK,Food & Allied,Z,17,-49.88,-2.26,-7.52,359,50,50,0,0,0
AMCL(PRAN),Food & Allied,A,216,83.99,37.89,5.7,279,40.15,43.78,16.07,0,0
INTRACO,Fuel & Power,A,25.3,14.28,46.00,0.55,1108.56,30.66,49,20.13,0,0
LINDEBD,Fuel & Power,A,1342,357.75,19.02,70.55,351.18,60,8.1,31.9,0,0
SUMITPOWER,Fuel & Power,A,46.3,33.5,8.96,5.17,10877.8,63.21,14.51,18.63,3.65,0
LRBDL,Fuel & Power,N,52,2,#DIV/0!,0,199,35.7,41.73,22.57,0,0
EPGL,Fuel & Power,N,53.9,2,#DIV/0!,0,199,0,0,0,0,0
CVOPRL,Fuel & Power,B,119,15.9,-233.33,-0.51,451.45,45.4,32.03,22.39,0.27,0
JAMUNAOIL,Fuel & Power,A,173.4,163.4,9.56,18.13,1303.25,0,9.76,26.5,0.76,62.98
BARKAPOWER,Fuel & Power,A,30.2,22,11.71,2.58,2553.66,31.04,41.39,27.57,0,0
POWERGRID,Fuel & Power,A,52.8,112.39,11.87,4.45,7326.26,79,6.02,14.92,0.06,0
AOL,Fuel & Power,A,52.6,21.25,28.13,1.87,199,0,0,0,0,0
MJLBD,Fuel & Power,A,88,38.66,15.94,5.52,3366.52,71.52,7.69,20.61,0.18,0
GBBPOWER,Fuel & Power,A,36.4,21.93,31.93,1.14,1217.04,32.01,35.93,32.06,0,0
DOREENPWR,Fuel & Power,A,69.7,46.68,11.46,6.08,1642.87,66.61,10.34,23.05,0,0
PADMAOIL,Fuel & Power,A,226,159.64,8.13,27.79,1181.32,2.06,15.56,31.11,0.92,50.35
SPCL,Fuel & Power,A,76.7,36.94,17.16,4.47,1924.51,60.29,19.67,20.04,0,0
MPETROLEUM,Fuel & Power,A,194.3,150.21,6.83,28.45,1281.16,0,8.85,32.11,0.32,58.67
BDWELDING,Fuel & Power,Z,22.8,13.61,-285.00,-0.08,632.49,31.01,65.39,2.88,0.72,0
DESCO,Fuel & Power,A,37.6,48.76,32.70,1.15,4174.7,0,9.14,23.16,0.07,67.63
TITASGAS,Fuel & Power,A,39.5,73.39,10.85,3.64,10091.22,0,9.62,14.75,0.63,75
EASTRNLUB,Fuel & Power,A,1407,180.45,259.12,5.43,208.94,15.04,22.62,11.34,0,51
KPCL,Fuel & Power,A,39.6,26.6,11.65,3.4,4173.13,66.99,20.51,9.2,0.3,0
UPGDCL,Fuel & Power,A,284.9,58.64,25.30,11.26,5995.95,90,2.72,7.24,0.04,0
BPPL,Fuel & Power,N,37,2,#DIV/0!,0,199,38.15,40.22,21.63,0,0
ITC,IT Sector,A,44.4,17.93,36.69,1.21,1484.93,51.09,23.59,25.1,0.22,0
ISNLTD,IT Sector,B,48.8,14.94,271.11,0.18,308.2,21.62,65.81,12.57,0,0
GENEXIL,IT Sector,A,92.8,19.5,27.13,3.42,1231.24,34.99,38.46,26.55,0,0
BDCOM,IT Sector,A,28.2,17.69,24.52,1.15,742.68,30,44.98,25.02,0,0
INTECH,IT Sector,B,39.6,12.7,264.00,0.15,512.21,30.14,60.81,8.96,0,0
AGNISYSL,IT Sector,B,25.5,16.05,82.26,0.31,924.56,9.33,44.67,46,0,0
EGEN,IT Sector,N,54.8,2,#DIV/0!,0,199,37.77,32,29.78,0.45,0
ADNTEL,IT Sector,A,54.5,27.27,19.06,2.86,845.52,51.56,22.7,23.75,1.99,0
AAMRATECH,IT Sector,A,30.6,25.48,20.96,1.46,780.38,30,23.04,46.96,0,0
DAFODILCOM,IT Sector,A,61.2,15.75,67.25,0.91,698.12,41.39,33.39,25.07,0.15,0
AAMRANET,IT Sector,A,46,37.95,14.42,3.19,761.24,33.04,22.8,28.18,15.98,0
SONALILIFE,Insurance,N,75,2,#DIV/0!,0,199,0,0,0,0,0
PROGRESLIF,Insurance,A,113.5,23.87,106.07,1.07,350.3,38.82,38.8,22.38,0,0
PHENIXINS,Insurance,A,58.7,36.88,25.41,2.31,602.42,46.26,29.44,24.3,0,0
AGRANINS,Insurance,A,59.9,20.11,34.83,1.72,516.57,30.72,60.06,9.22,0,0
RUPALILIFE,Insurance,A,75,2,#DIV/0!,0,493.26,32.07,54.71,13.22,0,0
SANDHANINS,Insurance,A,43.9,20.37,30.07,1.46,1295.99,31.54,44.11,24.35,0,0
DHAKAINS,Insurance,A,77.9,33.61,26.96,2.89,600.25,61.35,29.42,9.07,0.16,0
EIL,Insurance,N,39,20.04,29.77,1.31,199,0,0,0,0,0
NITOLINS,Insurance,A,57,29.23,20.07,2.84,601.08,35,56.75,8.25,0,0
STANDARINS,Insurance,A,83.8,21.09,40.48,2.07,631.97,52.4,44.06,4.58,0,0
REPUBLIC,Insurance,A,56.2,18.18,23.81,2.36,662.72,31.88,41.36,26.76,0,0
SONARBAINS,Insurance,A,85.6,21.62,40.96,2.09,599.41,36.78,45.21,18.01,0,0
PURABIGEN,Insurance,A,43.9,15.09,37.84,1.16,752.05,31.75,54.81,0,0,0
GREENDELT,Insurance,A,124,70.95,17.32,7.16,1200.88,33.8,37.58,20.62,8,0
CRYSTALINS,Insurance,N,57.6,22.98,12.58,4.58,199,60,33.21,6.77,0.02,0
DELTALIFE,Insurance,A,144.6,#VALUE!,#DIV/0!,0,1436.5,36.64,38.91,23.78,0.67,0
PRAGATILIF,Insurance,A,101.4,2,#DIV/0!,0,352.52,41.32,33.78,24.9,0,0
FEDERALINS,Insurance,B,37.5,14.4,28.20,1.33,875.57,38.17,53.58,8.25,0,0
DGIC,Insurance,N,46,2,#DIV/0!,0,199,0,0,0,0,0
EASTLAND,Insurance,A,38.8,23.32,34.64,1.12,1013.37,43.13,33.18,23.69,0,0
ASIAPACINS,Insurance,A,69.3,22.63,35.18,1.97,622.5,39.66,34.96,25.38,0,0
NORTHRNINS,Insurance,A,60.2,22.24,34.60,1.74,625.6,31.51,44.74,23.75,0,0
CONTININS,Insurance,A,47.5,21.84,36.82,1.29,599.05,32.25,58.26,9.49,0,0
BGIC,Insurance,A,47.7,20.65,38.16,1.25,739.27,33.98,26.41,39.61,0,0
PRAGATIINS,Insurance,A,97.1,55.51,23.86,4.07,854.9,38.1,39.19,22.71,0,0
PADMALIFE,Insurance,B,39,2,#DIV/0!,0,587.8,34.79,50.98,14.23,0,0
KARNAPHULI,Insurance,A,41.3,20.82,25.81,1.6,647.76,30.18,56.03,13.79,0,0
RELIANCINS,Insurance,A,104.1,62.73,19.98,5.21,1250.61,65.2,31.44,3.36,0,0
POPULARLIF,Insurance,A,104.6,110.9,27.75,3.77,803.28,30.3,57.09,12.61,0.21,0
PARAMOUNT,Insurance,A,97.2,28.62,18.07,5.38,605.65,48.49,41.27,10.22,0.02,0
CITYGENINS,Insurance,B,39.5,18.88,22.32,1.77,880.66,36.06,45.96,17.75,0.23,0
RUPALIINS,Insurance,A,42.6,23.3,22.42,1.9,965.65,46.31,41.95,11.74,0,0
CENTRALINS,Insurance,A,57.5,27.02,26.38,2.18,693.37,42,43.5,10.5,0,4
JANATAINS,Insurance,A,39.5,16.45,31.60,1.25,621.84,38.66,51.32,10.02,0,0
ASIAINS,Insurance,A,101,22.62,43.16,2.34,669.69,48.27,34.87,16.86,0,0
PRIMELIFE,Insurance,A,65,2,#DIV/0!,0,504,36.08,22.49,41.39,0.04,0
GLOBALINS,Insurance,A,59.9,14.75,39.15,1.53,585.21,0,44.2,0,0,0
ISLAMIINS,Insurance,A,56.7,17.89,26.01,2.18,573.23,39.49,39.78,20.73,0,0
SUNLIFEINS,Insurance,Z,36,2,#DIV/0!,0,556.61,40.8,32.55,26.65,0,0
FAREASTLIF,Insurance,A,59.1,#VALUE!,#DIV/0!,0,946,32.56,23.36,42.81,1.27,0
TAKAFULINS,Insurance,A,59.9,19.97,36.30,1.65,624.87,50.87,27.55,21.5,0.08,0
MERCINS,Insurance,B,55.5,21.05,33.04,1.68,629.95,32.85,40.84,26.31,0,0
BNICL,Insurance,A,117.2,22.17,50.52,2.32,641.5,59.54,31.12,10.3,0.04,0
PRIMEINSUR,Insurance,A,63.6,19.62,48.18,1.32,607.78,37.89,54.11,8,0,0
PEOPLESINS,Insurance,B,46,29.14,20.35,2.26,661,30.41,58.89,10.7,0,0
EASTERNINS,Insurance,A,116,49.33,34.83,3.33,630.1,55.46,24.01,20.53,0,0
UNITEDINS,Insurance,A,62.9,35.04,30.83,2.04,644,42.94,19.94,37.2,0,0
NATLIFEINS,Insurance,A,240,#VALUE!,#DIV/0!,0,1284.22,68.49,14.87,16.34,0.3,0
MEGHNALIFE,Insurance,A,84.7,2,#DIV/0!,0,534.22,26.38,42.66,30.96,0,0
PROVATIINS,Insurance,A,200.6,23.11,64.71,3.1,496.03,30.03,48.45,21.52,0,0
SONALIANSH,Jute,A,479,227.53,772.58,0.62,226.12,50.78,43.59,5.63,0,0
NORTHERN,Jute,A,305.8,83.66,26.99,11.33,220.42,15.09,84.91,0,0,0
JUTESPINN,Jute,Z,151.9,-301.56,-3.34,-45.43,216,39.82,36.98,23.2,0,0
BSC,Miscellaneous,A,48.6,58.03,17.87,2.72,1724.35,0,23.6,24.3,0,52.1
KBPPWBIL,Miscellaneous,B,15.6,14.55,-173.33,-0.09,1179.8,30.13,44.95,24.92,0,0
BEXIMCO,Miscellaneous,B,98.3,71.33,192.75,0.51,8962.19,30.55,52.8,15,1.47,0
NFML,Miscellaneous,A,37.6,14.76,221.18,0.17,1123.37,30.4,46.72,22.84,0.04,0
MIRACLEIND,Miscellaneous,B,39.5,33.93,-10.91,-3.62,551.18,30,70,0,0,0
ARAMIT,Miscellaneous,A,329.8,147.79,98.15,3.36,259,63.58,17.89,18.53,0,0
SINOBANGLA,Miscellaneous,A,57.7,27.69,44.05,1.31,398.97,30.61,65.51,3.88,0,0
SKTRIMS,Miscellaneous,A,43.3,15.8,23.79,1.82,1046,31.23,37.88,30.89,0,0
BERGERPBL,Miscellaneous,A,1905.9,206.2,36.50,52.22,662.78,95,1.44,3.42,0.14,0
SAVAREFR,Miscellaneous,Z,234,4.88,-201.72,-1.16,212.93,50.68,42.14,0,0,0
GQBALLPEN,Miscellaneous,A,136,136.21,-17.80,-7.64,288.28,41.88,56.6,1.47,0.05,0
AMANFEED,Miscellaneous,A,72.2,36.8,26.64,2.71,1508.7,63.26,23.73,13,0.01,0
USMANIAGL,Miscellaneous,Z,59.7,94.45,-8.28,-7.21,373.11,2,36.99,10.01,0,51
INDEXAGRO,Miscellaneous,N,122.3,2,#DIV/0!,0,199,57.77,20.09,22.14,0,0
POPULAR1MF,Mutual Funds,A,9.5,14.14,7.31,1.3,3189.8,10,40.89,49.11,0,0
ICB3RDNRB,Mutual Funds,A,10,9.99,17.54,0.57,1199,10.03,34.6,52.7,2.67,0
IFIC1STMF,Mutual Funds,A,9.9,14.09,8.18,1.21,2020.67,20.83,28.25,50.92,0,0
IFILISLMF1,Mutual Funds,A,9.7,11.38,10.10,0.96,1199,1,39.03,59.96,0.01,0
PHPMF1,Mutual Funds,A,9.9,13.86,8.11,1.22,3017.93,10.26,21.54,68.2,0,0
EBLNRBMF,Mutual Funds,A,10.2,13.86,8.95,1.14,2441.61,16.67,11.26,72.07,0,0
EXIM1STMF,Mutual Funds,A,11.5,14.37,9.66,1.19,1631.56,21.97,6.75,71.28,0,0
SEMLLECMF,Mutual Funds,A,15.3,13.03,15.94,0.96,699,10,35.62,54.38,0,0
FBFIF,Mutual Funds,A,9.3,14.15,7.88,1.18,7960.47,55,10.5,34.5,0,0
MBL1STMF,Mutual Funds,A,11.3,14.35,11.89,0.95,1199,10,11.13,72.06,6.81,0
ICBAGRANI1,Mutual Funds,A,11.7,12.17,19.50,0.6,1180.51,50.94,13.79,35.27,0,0
ABB1STMF,Mutual Funds,A,10,14.78,7.81,1.28,2589.9,17.6,34.66,47.74,0,0
EBL1STMF,Mutual Funds,A,11.7,13.91,9.92,1.18,1646.54,2,26.22,71.78,0,0
GREENDELMF,Mutual Funds,A,11.5,14,12.11,0.95,1699,8.33,16.71,71.84,3.12,0
AIBL1STIMF,Mutual Funds,A,11.9,13.9,14.51,0.82,1199,10,15.3,72.74,1.96,0
TRUSTB1MF,Mutual Funds,A,10.1,14.35,8.49,1.19,3234.86,1.51,37.28,61.21,0,0
GRAMEENS2,Mutual Funds,A,21.8,21.71,19.29,1.13,2022.97,20.52,17.57,55.91,6,0
CAPMBDBLMF,Mutual Funds,A,16.7,12.33,21.69,0.77,700,19.948,12.438,67.614,0,0
ICBEPMF1S1,Mutual Funds,A,10.6,9.99,17.38,0.61,949,10,43.97,46.03,0,0
CAPMIBBLMF,Mutual Funds,A,27,12.03,-1350.00,-0.02,867.53,74.79,24.246,0.964,0,0
ATCSLGF,Mutual Funds,A,15.6,15.47,12.28,1.27,816.86,27.27,43.12,29.56,0.05,0
1STPRIMFMF,Mutual Funds,A,24,19.61,20.51,1.17,399,2,77.9,20.09,0.01,0
SEMLFBSLGF,Mutual Funds,A,15.5,2,#DIV/0!,0,928.44,35.64,28.48,35.88,0,0
DBH1STMF,Mutual Funds,A,11.8,13.96,12.16,0.97,1399,16.67,19.2,62.37,1.76,0
ICBAMCL2ND,Mutual Funds,A,15,12.73,24.19,0.62,699,0,31.73,68.26,0.01,0
SEMLIBBLSF,Mutual Funds,A,15.9,12.33,122.31,0.13,1199,50,10.16,39.84,0,0
VAMLBDMF1,Mutual Funds,A,12.1,13.45,11.75,1.03,1242.2,17.73,5.78,76.49,0,0
RELIANCE1,Mutual Funds,A,16,16.07,17.39,0.92,804,20,24.66,55.34,0,0
NLI1STMF,Mutual Funds,A,19.5,18.24,11.96,1.63,702,32.78,25.87,41.35,0,0
1JANATAMF,Mutual Funds,A,10.7,14.06,9.22,1.16,3098.23,71.53,10.17,17.98,0.32,0
PF1STMF,Mutual Funds,A,13.8,10.38,26.54,0.52,799,33.33,33.79,32.87,0.01,0
LRGLOBMF1,Mutual Funds,A,10.8,12.56,13.85,0.78,3309.8,15.06,5.34,74.82,4.78,0
ICBSONALI1,Mutual Funds,A,11.7,11.36,15.60,0.75,1199,25,8.33,66.67,0,0
VAMLRBBF,Mutual Funds,A,11.9,12.38,-66.11,-0.18,1786.45,25.2,4.12,70.68,0,0
NCCBLMF1,Mutual Funds,A,11.2,13.17,11.14,1.0057,1284.03,15,12.37,71.25,1.38,0
PRIME1ICBA,Mutual Funds,A,10.4,10.62,13.87,0.75,1199,20,23.15,56.84,0.01,0
BPML,Paper & Printing,A,49.4,45.55,30.12,1.64,1936.91,70.86,21.24,7.9,0,0
HAKKANIPUL,Paper & Printing,B,78.4,27.82,1120.00,0.07,389,46.26,43.79,9.95,0,0
PAPERPROC,Paper & Printing,Z,131.5,2,#DIV/0!,0,199,43.97,49.27,6.76,0,0
SONALIPAPR,Paper & Printing,A,310.8,309.88,193.04,1.61,199,72.06,22.4,5.54,0,0
KPPL,Paper & Printing,B,18.1,13.91,-50.28,-0.36,929.4,39.76,56.22,4.02,0,0
MONOSPOOL,Paper & Printing,Z,166.1,2,#DIV/0!,0,199,53.82,44.48,1.7,0,0
ORIONPHARM,Pharmaceuticals & Chemicals,A,59.1,78.77,20.81,2.84,2539,31.98,27.42,39.48,1.12,0
KEYACOSMET,Pharmaceuticals & Chemicals,B,10.9,2.25,45.42,0.24,10220.1,46.27,44.33,9.4,0,0
ACMELAB,Pharmaceuticals & Chemicals,A,77.6,92,11.33,6.85,2315,41.61,28.7,29.56,0.13,0
ORIONINFU,Pharmaceuticals & Chemicals,A,76.1,14.66,52.12,1.46,402.6,40.61,51.58,7.6,0.21,0
IBP,Pharmaceuticals & Chemicals,A,24.3,15.61,17.36,1.4,1314.07,46.37,44.47,9.07,0.09,0
MARICO,Pharmaceuticals & Chemicals,A,2329.2,53.95,23.60,98.69,514,90,1.43,3.29,5.28,0
SILCOPHL,Pharmaceuticals & Chemicals,A,35.2,23.64,44.00,0.8,1237.07,39.12,45.05,15.83,0,0
SILVAPHL,Pharmaceuticals & Chemicals,A,24.7,18.1,28.39,0.87,1564,52.39,33.44,14.16,0.01,0
PHARMAID,Pharmaceuticals & Chemicals,A,426.7,84.54,25.37,16.82,230.2,24.22,72.4,3.38,0,0
SQURPHARMA,Pharmaceuticals & Chemicals,A,223.4,93.57,14.12,15.82,8641.39,34.57,36.66,12.05,16.72,0
GHCL,Pharmaceuticals & Chemicals,B,39.8,56.46,33.73,1.18,919,69.03,10.51,20.46,0,0
ACTIVEFINE,Pharmaceuticals & Chemicals,B,26.6,24.71,8.96,2.97,2598.37,12.04,49.95,34.9,3.11,0
JMISMDL,Pharmaceuticals & Chemicals,A,378.8,123.66,87.08,4.35,420,79.65,16.57,3.78,0,0
BXPHARMA,Pharmaceuticals & Chemicals,A,185.5,82.12,21.40,8.67,4254.56,13.19,20.99,33.06,36.7,0
FARCHEM,Pharmaceuticals & Chemicals,A,15.9,15.96,48.18,0.33,2379.93,30.24,55.61,14.15,0,0
AFCAGRO,Pharmaceuticals & Chemicals,A,26.8,19.85,83.75,0.32,1351.16,30.29,32.42,37.29,0,0
CENTRALPHL,Pharmaceuticals & Chemicals,B,17.1,8.6,-1.85,-9.24,1397.01,25.89,61.66,12.45,0,0
ADVENT,Pharmaceuticals & Chemicals,A,29.8,15.5,21.13,1.41,1029.06,31.44,47.36,21.33,0,0
LIBRAINFU,Pharmaceuticals & Chemicals,A,577.1,3,549.62,1.05,214.02,34.43,59.94,5.63,0,0
RENATA,Pharmaceuticals & Chemicals,A,1370.1,247.65,30.25,45.29,1084.89,51.18,8.07,18.01,22.74,0
ACIFORMULA,Pharmaceuticals & Chemicals,A,161.4,55.38,78.35,2.06,649,66.02,6.22,27.76,0,0
ACI,Pharmaceuticals & Chemicals,A,274.7,139.67,-14.89,-18.45,772.73,35.28,27.09,37.63,0,0
IBNSINA,Pharmaceuticals & Chemicals,A,257.1,58.74,20.68,12.43,511.44,44.44,34.64,20.92,0,0
SALVOCHEM,Pharmaceuticals & Chemicals,B,39.7,14.46,132.33,0.3,849.23,22.14,62.79,15.07,0,0
WATACHEM,Pharmaceuticals & Chemicals,A,301.1,61.02,37.40,8.05,347.23,36.41,25.59,38,0,0
AMBEEPHA,Pharmaceuticals & Chemicals,A,417.9,26.1,274.93,1.52,223,75.25,18.9,5.85,0,0
IMAMBUTTON,Pharmaceuticals & Chemicals,Z,30.5,7.32,-62.24,-0.49,276,29.24,61.75,9.01,0,0
KOHINOOR,Pharmaceuticals & Chemicals,A,415,51.34,49.88,8.32,400.83,48.72,36.17,15.11,0,0
RECKITTBEN,Pharmaceuticals & Chemicals,A,4478.6,172.95,28.64,156.38,246.25,82.96,6.09,4.14,3.04,3.77
BEACONPHAR,Pharmaceuticals & Chemicals,B,154.8,22.04,93.82,1.65,2509,30,33.53,36.47,0,0
EHL,Services & Real Estate,A,56.5,64.47,18.11,3.12,1132.45,50.09,18.61,31.3,0,0
SAIFPOWER,Services & Real Estate,A,28.1,18.63,24.65,1.14,3607.25,40.06,39.06,20.88,0,0
SAMORITA,Services & Real Estate,A,80.9,51.23,475.88,0.17,387.75,39.33,48.08,12.58,0.01,0
SAPORTL,Services & Real Estate,A,30.4,35.84,36.19,0.84,2521,58.99,25.48,11.68,3.85,0
FORTUNE,Tannery Industries,A,55.7,15.63,69.63,0.8,1673.24,30.93,52.43,16.64,0,0
LEGACYFOOT,Tannery Industries,B,71.5,12.43,-9.70,-7.37,329.8,30,60.02,9.98,0,0
SAMATALETH,Tannery Industries,B,95,16.39,1055.56,0.09,302.2,33.86,60.78,5.36,0,0
APEXFOOT,Tannery Industries,A,237,251.95,42.17,5.62,312,25.48,37.28,37.14,0.1,0
APEXTANRY,Tannery Industries,A,120.5,3.41,1.89,63.89,351,30.4,35.05,28.75,0,0
BATASHOE,Tannery Industries,A,656,4.26,2.45,267.94,335.8,70,9.04,19.15,1.81,0
ROBI,Telecommunication,N,47.1,15.9,142.73,0.33,199,90.05,7.9,2.05,0,0
GP,Telecommunication,A,363,30.4,13.18,27.54,13702,90,2.18,4.66,3.16,0
BSCCL,Telecommunication,A,178.3,42.93,30.74,5.8,1848,0,10.15,13.33,2.68,73.84
HRTEX,Textile,A,64.4,44.78,58.02,1.11,452,50.64,41.6,7.76,0,0
MLDYEING,Textile,A,33.4,18.39,36.70,0.91,2523.34,31.4,24.16,22.55,21.89,0
REGENTTEX,Textile,B,13,32.21,-41.94,-0.31,1485.12,54.55,40.69,4.76,0,0
FAMILYTEX,Textile,Z,7.5,13.63,-49.67,-0.151,3740.6,4.02,77.57,18.41,0,0
ACFL,Textile,A,52,41.68,108.33,0.48,1207.33,72.2,19.01,8.77,0.02,0
GENNEXT,Textile,Z,8.7,13.9,870.00,0.01,5148.75,13.82,63.16,23.02,0,0
MAKSONSPIN,Textile,B,21.6,2.79,-58.38,-0.37,2581.33,30,52.31,17.69,0,0
PTL,Textile,A,58,26.26,13.00,4.46,1749.8,60.96,22.34,12.6,4.1,0
RINGSHINE,Textile,A,12.2,19.39,42.07,0.29,199,31.54,44.81,23.52,0.13,0
STYLECRAFT,Textile,A,157.4,28.96,296.98,0.53,337.85,41.93,50.99,7.08,0,0
QUEENSOUTH,Textile,A,31.6,18.62,32.92,0.96,1507.76,53.23,14.08,15.82,16.87,0
DACCADYE,Textile,Z,24.2,10.36,186.15,0.13,1070.53,30.45,50.75,15.58,0.22,0
DSSL,Textile,A,20,20.98,16.26,1.23,2206.56,32.17,53.04,14.79,0,0
PDL,Textile,A,15.8,16.64,29.26,0.54,2016.33,30.97,43.51,25.5,0.02,0
CNATEX,Textile,Z,8.1,18.74,7.11,1.14,2592.16,22.14,62.19,15.67,0,0
SONARGAON,Textile,B,26.8,26.43,-7.20,-3.72,463.67,44.55,53.63,1.8,0,0
MATINSPINN,Textile,A,56.6,51.29,26.20,2.16,1173.9,32.72,10.96,56.32,0,0
ALIF,Textile,A,15.6,16.5,21.08,0.74,2798.27,30.46,53.47,16.07,0,0
DELTASPINN,Textile,B,12.2,16.41,42.07,0.29,1863.82,18.07,63.66,18.27,0,0
SAIHAMCOT,Textile,A,20.1,37.97,-31.41,-0.64,1686.75,42.4,45.33,12.27,0,0
PRIMETEX,Textile,B,24,2.54,-8.99,-2.67,581,50,41.3,8.45,0.25,0
ARGONDENIM,Textile,A,27.4,29.21,17.91,1.53,1521.75,36.08,26.25,37.67,0,0
METROSPIN,Textile,B,19.8,16.53,247.50,0.08,815.98,30.09,60.68,9.23,0,0
MALEKSPIN,Textile,A,30.9,3.74,-18.39,-1.68,2135,47.34,19.6,33.06,0,0
KTL,Textile,A,32.1,19.63,22.45,1.43,1362.05,30.32,61.13,8.41,0.14,0
ZAHINTEX,Textile,B,11.6,24.49,-3.08,-3.77,1017.29,36.94,40.47,22.45,0,0
AL-HAJTEX,Textile,B,44.6,10.45,-47.96,-0.93,421.99,12.78,74.64,12.55,0,0.03
VFSTDL,Textile,A,27.6,19.93,18.52,1.49,1224.05,30.88,41.42,9.4,18.3,0
FEKDIL,Textile,A,17.7,21.36,53.64,0.33,2386.44,67.2,19.75,13.05,0,0
ESQUIRENIT,Textile,A,37.9,52.61,19.24,1.97,1547.96,46.95,13,40.05,0,0
RNSPIN,Textile,Z,8.8,20.34,-10.00,-0.88,4124.45,30,57.59,12.39,0.02,0
TOSRIFA,Textile,B,19.7,30.71,-6.86,-2.87,862.27,49.72,26.01,24.27,0,0
NURANI,Textile,A,11.9,3.18,-29.02,-0.41,1425.25,30.93,51.79,17.28,0,0
AIL,Textile,A,39.2,22.83,14.31,2.74,641.52,33.35,56.86,9.79,0,0
SHEPHERD,Textile,A,19.9,17.79,-132.67,-0.15,1701.89,51.48,18.59,11.53,18.4,0
SIMTEX,Textile,A,20.4,23,36.43,0.56,994.95,32.69,48.63,18.39,0.29,0
MHSML,Textile,B,20.3,17.2,-17.06,-1.19,1208.93,39.61,30.73,29.6,0.06,0
APEXSPINN,Textile,A,131.6,56.17,88.92,1.48,283,54.81,20,24.75,0.44,0
NEWLINE,Textile,A,30.7,25.83,26.93,1.14,984.33,30.8,55.12,14.06,0,0
TALLUSPIN,Textile,Z,9.9,13.97,-8.76,-1.13,1092.35,30,47.25,22.6,0.15,0
ANLIMAYARN,Textile,B,40.7,12.69,290.71,0.14,377.68,47.22,43.29,9.49,0,0
ALLTEX,Textile,Z,15,17.78,-2.74,-5.47,758.68,40.74,53.24,6.02,0,0
SHASHADNIM,Textile,A,27.7,45.48,12.88,2.15,1609.36,37.56,43.1,18.22,1.12,0
ZAHEENSPIN,Textile,B,12.8,10.78,-3.78,-3.39,1337.28,31.1,43.2,25.7,0,0
SAFKOSPINN,Textile,B,25.8,19.23,-4.53,-5.69,498.82,30,69.05,0.95,0,0
RAHIMTEXT,Textile,A,298.5,38.85,398.00,0.75,293.6,70.94,24.14,4.92,0,0
TUNGHAI,Textile,Z,9.1,15.24,7.40,1.23,1265.53,30.04,67.05,2.91,0,0
SAIHAMTEX,Textile,A,25.1,43.66,-29.19,-0.86,1104.63,33.7,32.49,33.81,0,0
HFL,Textile,A,20.8,42.04,49.52,0.42,1109.57,51.51,16.56,31.93,0,0
DSHGARME,Textile,A,169.2,22.01,393.49,0.43,274.35,58.06,37.2,5.36,0,0
DULAMIACOT,Textile,Z,57,-32.97,-44.53,-1.28,274.57,33.01,62.45,4.54,0,0
MONNOFABR,Textile,Z,27,2,#DIV/0!,0,199,0,0,0,0,0
TAMIJTEX,Textile,Z,83.3,2,#DIV/0!,0,199,0,0,0,0,0
SQUARETEXT,Textile,A,49,38.29,181.48,0.27,2171.52,61.83,12.77,22.39,3.11,0
ETL,Textile,A,12.9,15.52,64.50,0.2,2028.52,36.67,41.14,22.19,0,0
ENVOYTEX,Textile,A,36.1,42.57,22.15,1.63,1876.35,45.58,10.87,43.49,0.06,0
MITHUNKNIT,Textile,Z,15.4,21.75,-6.88,-2.24,523.91,17.2,67.27,15.39,0.14,0
HWAWELLTEX,Textile,A,45,32.52,19.48,2.31,759,50.83,39.06,10.05,0.06,0
UNIQUEHRL,Travel & Leisure,A,45.6,81.68,48.00,0.95,3143,52.23,14.84,32.07,0.86,0
SEAPEARL,Travel & Leisure,B,45,12.06,-500.00,-0.09,1406.5,46.83,23.64,29.53,0,0
PENINSULA,Travel & Leisure,A,24.4,32.87,488.00,0.05,1385.67,45.4,35.95,18.55,0.1,0
